30_qt;19_qf;7_qf;8_pt;38_pf;13_pf;41_qf;10_pf;7_pf;11_qt;3_qf;24_pf;27_pt;40_pt;18_pf;22_pf;39_qf;37_qf;9_pt;36_qt;32_qf;28_qf;30_qf;46_qf;13_pt;17_qt;1_qf;38_pt;27_qt;31_pf;43_qf;46_pt;34_qt;19_pt;16_qt;39_pt;41_qt;32_pt;46_pf;21_pt;34_pt;2_qt;45_pt;41_pt;1_pt;19_qt;3_pt;4_qf;35_pt;10_qt;20_pt;37_pf;40_qf;12_pt;44_qf;44_pt;6_qf;13_qf;38_qf;15_qf;43_qt;15_qt;25_qt;11_qf;18_qt;42_qf;11_pt;45_qt;42_pf;14_pt;44_pf;26_pt;32_qt;14_qt;1_pf;33_qt;25_qf;7_qt;20_pf;31_pt;29_qt;40_qt;17_qf;26_qt;33_qf;6_pf;4_qt;18_qf;30_pf;8_qt;16_qf;20_qf;39_qt;2_qf;6_pt;8_qf;28_qt;15_pf;35_qf;22_qt;10_pt;24_qt;42_qt;3_qt;31_qf;23_pf;2_pf;5_pf;39_pf;33_pf;24_pt;33_pt;22_qf;5_pt;13_qt;24_qf;5_qt;21_qf;34_pf;43_pt;15_pt;26_qf;14_pf;4_pt;23_pt;21_pf;18_pt;7_pt;35_pf;5_qf;46_qt;16_pf;28_pt;45_pf;29_pt;14_qf;6_qt;32_pf;44_qt;27_qf;12_pf;37_qt;27_pf;42_pt;31_qt;34_qf;38_qt;40_pf;16_pt;30_pt;17_pf;19_pf;3_pf;28_pf;37_pt;2_pt;25_pt;36_qf;8_pf;25_pf;36_pt;21_qt;9_qt;23_qf;29_qf;11_pf;35_qt;22_pt;12_qt;4_pf;17_pt;10_qf;23_qt;1_qt;43_pf;26_pf;9_qf;20_qt;45_qf;9_pf;12_qf;36_pf;41_pf;29_pf;feasible;stable
-0.30509315897538625;0.5316555103185027;-0.2670241029488169;1.6416903081648586;3.3441623047532243;-1.3459975789656706;0.5413162317940431;-4.220114400479162;1.2223135752370213;-0.6324572420428725;0.33547054555579064;0.9389717527964703;0.34776261352011145;-2.490182515094706;1.4239299832135943;0.006885072256165833;-0.027017861528470657;-0.33173373442369225;1.3127668085180666;-0.26354484851875853;0.20734781425284982;0.7924292028295231;0.1685596228617587;1.02057850986422;1.3475213498555303;-1.52657039220417;-0.683947503374956;-3.320184475708519;0.923027467899897;0.5168699033523404;-0.30416527690450695;4.293950552551082;0.9348985497371626;-2.2495879442869122;0.1806780866376306;4.314288448303707;4.244390779183557e-6;-4.419337620371946;-4.278391414288018;0.07531689232497593;1.0224403155018216;-1.0337181323997107;1.6304359463925906;4.831383320693553;1.863057582397246;-0.5847752260272822;-4.849462286285972;0.2520665560407866;5.850504700600781;0.6408971633278608;3.6755958924837775;-6.870000061544681;-0.5155008810964382;-3.5009595763816934;-0.35931497098935494;0.3799554678954274;0.5088846900894206;-0.7050051936693499;-0.38623728995277085;0.15595200564371894;-0.5209170211614175;-0.2212159277711666;0.8633714589896143;0.5624205768822987;-0.9238734187523286;0.38140850430441886;-2.572848355131441;-0.5207047197111142;1.735797997054837;6.386400057533127;-0.3789964629491614;-0.5602094718308724;0.07533983226182764;1.9328739199673708;-1.850813335307685;1.4935626236441202;-1.0068795284112055;0.06509315897538626;-3.6755958924837775;-0.516508829596281;0.34394226467053296;0.14607174358944297;0.35212191336236937;0.1466312117839967;-1.1303752821527469;1.05114871104895;-0.4034153506976049;0.86023233384539;0.04333956847853196;0.07578656119747247;-0.5591268301859611;-1.3918878441638927;0.5166239207086537;0.33034750337495605;-1.049272503615803;-0.17687469669951894;-0.8729231301279355;1.6305595763816931;-0.0470768698720644;0.37188478023150057;4.223708640533631;-0.2171204715887947;-0.5887266948627078;-0.26106058714060376;-0.3151908346457554;2.256258487089728;1.070013335307685;-6.228555246522389;-4.305288336921719;-4.781439462338454;-0.9374147699668772;4.79934306367958;-0.366052260718552;6.228555246522389;0.5807105713501054;-0.13727543868404296;1.4000019120763803;-0.3379477392814481;-1.0206623796280545;-0.02132955493459624;-1.629478354873426;-0.2829874922590008;-6.386400057533127;0.5159918206252715;-2.2517385613145366;-0.07512507225616584;-1.4228382421805061;-1.22069953941547;-5.823918351324522;-0.6931340030289669;-0.7171753137344633;0.02632671000486741;3.631918351324522;-1.626670445065404;0.8513844757085188;-0.768526193380927;-0.7041000340201473;4.433676848818343;-0.7150737901531056;-1.221466872993629;3.508688995965166;1.0188793968264394;-0.3458331333826116;-1.731491170403719;-0.015273305137292355;-0.8993398322618277;0.3936577353294671;2.5093918325807425;-0.026008611758935807;-0.043300460584530194;-0.025991388241064197;2.251665909270183;4.879024424345634;-3.6211484979920363;6.870000061544681;-1.0683824269890927;1.6256639864143323;0.08296977913516745;-1.63954370084607;-1.6225852300331232;-1.018873967831506;0.3431628474022233;0.4763884207294762;0.2128904457957816;-0.40974629656650746;2.5784240923143034;0.2487639552885248;-0.006670542802815849;-0.827952005643719;-0.5135267602204903;0.026903722884393584;-0.6382071380797713;-0.3391129820454333;0.1055969014323896;0.021380980989030313;0.5604521075430335;-0.5910252692803338;1.732525024976872;0.3001170211614174;-1.3111837955381271;0.832634223722416;1.0194953609439;-4.817383653206014;-0.851134462582718;1.0;1
0.008902408703982873;1.0527473675242054;0.10391562410850087;2.3912853272890815;1.8348033348159705;-2.960220579188588;0.5271731585897629;-5.3291551834212;2.438209899998144;-0.22198718215464208;0.24568828245775484;2.5224661098963725;3.269446486401325;-4.419536012284486;3.058631830316321;0.02035838437313168;0.3135008806142066;-0.7308407495120568;1.6667569818467092;-0.6036960273914782;0.09120752871748417;0.2605146877752354;-0.13382250171195853;1.007268783562187;2.966119779100306;-0.9253268123372093;0.3478120151698231;-1.8275098309196172;0.17990175180712678;2.300545300859272;-0.08802832317670513;0.5926639561396012;1.2481693532326281;-4.184442542885795;0.9297143557029603;3.4331033487117755;5.774285856558243e-8;-0.3856528295551583;-0.5914693389100993;0.08881862569903663;5.080000026963158;-0.07298091378910831;-0.21794288063506814;4.694505658521994;2.2826544756092093;-1.0568330988824999;-4.963201445525409;0.625213187448527;3.4065647411285447;0.8301656013822689;7.2500000601878165;-3.794266579698125;-0.15240175021028649;-4.002671738331019;-0.18161759281505835;-1.4585877804548328;0.035535740942626154;-0.510607726882598;-0.38660485322272853;-0.1461115188116789;-0.5150650856053781;0.08442272610715797;0.47371084516263323;0.15890470878496132;-0.8054704074497472;-0.11117719285841475;-2.9312890741305773;-0.5315128004151332;-0.04564630772002954;6.386400058775215;1.4714505887617935;-1.1335952669002687;-0.0888877771336912;1.987930545799107;-2.264567303301078;0.4790478947899722;-0.646129306469;-0.24890240870398286;-7.2500000601878165;-2.29364932958164;0.6077694139489972;0.24482310885017822;-0.3969143557029604;-0.10340241338868783;-0.271109280524611;-0.0510084544727357;-0.7523714083794765;0.7665206043735464;-1.166950033959003;0.6458082825742828;-1.275235543952516;-1.8192679718977518;7.997446040832373e-6;-0.7014120151698231;0.051040094166125545;-0.710576633653394;-0.5010313382246397;2.1322717383310192;-0.41896866177536013;0.3405575023854633;5.334649367634767;-0.5778706935310003;-0.1307966751670132;-0.15865136505112704;0.23722491510064636;4.204627071485994;1.4837673033010779;-8.890444337192061;-3.42734031786508;-3.6552169845150817;-2.5110681604205096;3.6654674795845006;-0.3358307985588828;8.890444337192061;0.4313133949605941;0.33666704106012607;1.4000000436300817;-0.36816920144111726;-5.054347170444842;-1.8662596977512695;-2.1305317447645713;-0.02361353464050896;-6.386400058775215;-1.593375008244131;-4.189223091743082;-0.08859838437313168;-3.054938404799343;-2.4318800303683727;-3.3974662562031144;0.017668419722656308;-0.9839737475869053;0.8858208188951483;1.2054662562031146;0.21825969775126927;-0.6412901690803833;-0.8688133612383846;-0.2648313282541414;0.38577049811375685;-0.6909559831470538;-0.2956088197498495;4.0119712703290356;0.9469579468882562;-3.252987691141448;0.045649329581639905;-0.4732033248329869;-0.735112222866309;0.1298305860510029;4.482246876688556;-0.8815537552397584;1.1678800303683727;0.8295537552397584;4.191368229871495;4.993960101195311;-1.2042213839981752;3.794266579698125;-1.4816808647347919;0.04920960926911791;0.41686192156692686;-2.3865645140433527;-0.04893183957949092;-0.38746301695089064;0.3741570124891531;0.3893867202206468;0.7162755964970366;-0.6734031785475102;2.9378698561321186;0.3139788279451299;-0.020184528600199866;-0.5258884811883211;1.6138297603875402;-0.8288728860859574;-0.8047129913592441;-0.7260537612807728;-0.8885698896289383;1.8817317312427226;1.1344708660774236;-0.4965920380924649;2.9999981497477406;0.29426508560537806;-1.6644755801227726;0.5492554867387137;0.3877018385695801;-4.6808718684444255;0.6415285997930812;1.0;1
-0.0797637324416464;0.6878717701915654;-0.007291663730757272;2.7999078081380593;0.9487190047623092;-2.2598831190681987;0.01727067728818784;-5.145456098049033;2.3286073342033076;-0.5893034062280126;0.16625726580574193;3.258895924600134;0.8139190988875866;-0.47256059388552046;2.394750570036782;0.06109766094645364;0.14279867853846265;-1.0259782598231564;1.143888690945216;-0.6248684694455693;0.627209115814526;-0.18376328690677002;-0.05527811509599363;1.9791234437518563;2.2630925555199792;-1.6787690736042817;-0.5052418905969915;-0.9469385113882661;0.41874264731183086;-1.6666408196242382;0.6559817710538266;8.650000068060487;0.44013287804892465;-4.357793006957399;0.13594582711873215;2.4148299600313194;3.7533314439001556e-8;-3.186717730359984;-8.581873448854454;0.12956809291933535;2.258138204761772;-0.9515464164222829;3.7809347830810625;0.8765116463945984;1.0909522272460155;-0.6944969372527161;-4.9679514542721135;0.4916259612530923;2.137713462508049;1.099779211901374;6.759514867958887;-2.6545186353607892;0.23931700867533237;-3.488806524550188;0.6374486105490816;2.5329386657733908;0.09822756009746283;-0.12435875984367228;-0.1947302090928934;0.19915706915013073;-1.1963963458288231;-0.2731206066123954;0.8406870278917544;0.4860736577955698;-0.3867622459012385;-0.6394168024045875;-2.341338093010464;-0.979002733780668;3.940545133459425;6.38640005856632;-2.4916102462652403;2.7250708866908124;-0.48098582438619897;2.9631965935527673;-1.087119945677701;1.294221543759568;-1.0156796428792954;-0.16023626755835357;-6.759514867958887;1.6714287830928234;0.9153907960612483;-0.7900135791983207;0.3968541728812678;-0.8774596410352231;-1.0459517631263568;0.06334412006880522;-0.6341876859635203;0.3275002426748831;-1.058430067066574;0.5970619192841438;-0.5503759871595922;-1.0153720128664485;5.72638439700649e-6;0.15164189059699157;-0.06328218447071475;-0.6483120186532635;-0.09616990460814248;1.618406524550188;-0.8238300953918575;0.3349010198268182;5.1504437415431275;-0.20832035712070487;0.6093937582791287;-0.11013589636670557;0.9327377561312168;4.418724270602972;0.306319945677701;-7.492638177480973;-2.4122048790584727;-4.008053952725819;-3.241418575589341;4.020292603883795;-0.33037709320911923;7.492638177480973;0.00687446984764046;0.01990744413968226;1.4000001898598704;-0.37362290679088084;-2.2532822696400165;2.1109391118412124;-1.6174277293656174;0.7968917767357132;-6.38640005856632;-1.3899794329860913;-4.40278461554535;-0.12933766094645363;-2.3926606484393145;-2.3231515020936784;-2.1340603525177153;-0.4374251825347343;-0.6506543692341902;-0.21723417762391833;-0.05793964748228493;-3.7589391118412125;-1.5218614886117345;-1.8296260925859553;-0.3387484368397916;3.1941348538382326;-1.2153207099711885;-0.7389500156115936;3.4958394360913903;1.1343436751844906;-0.8124808506322401;-3.919428783092824;-1.2133937582791288;-0.3430141756138011;-0.17779079606124826;0.4740444229628925;0.2175815975742603;1.0591515020936781;-0.2695815975742603;4.364764297922105;4.997235110215147;0.057943492373742425;2.6545186353607892;-0.30594561386356733;-0.6803235867590786;0.4232300418733069;-2.7939147467051955;0.6814185755893405;-0.5165141257038368;0.379887776053598;0.3514596566581064;0.3595959174258979;-0.9732655021091041;2.345548289910974;0.6027482179498496;-0.060931263645572754;-0.8711570691501307;1.404450840019811;0.2706659871593917;-1.0831355770797135;-0.3713671007977887;-0.2204580445241;-2.088374293308664;-2.719873127503017;-0.484939544506945;1.967526568560646;0.975596345828823;-1.14280306882409;0.8542056405282538;0.51680517285274;-0.8760649899768015;1.5227340725205927;1.0;1
0.054172642533319465;0.6502685956653051;0.06451675647209465;0.482929997191661;3.3865005855669676;-1.855193975174083;0.12993866357796027;-4.004509588597427;-0.4617912810157744;-0.43180410807729075;0.5541801656241501;-0.8217200308679373;4.089550910177657;-0.5729572178668615;1.858175920237314;-0.06938751726474912;0.8460104305302246;-0.6044361371492278;1.8777273651996906;-0.8468695231083688;-0.22218514686165936;0.974379404414574;-0.1748863984143158;1.067006985202312;1.8576327689791805;-1.1221600627605854;-0.19929855625739995;-3.361854329846337;0.8611385825752924;0.4422876359588567;-0.2560601138767411;6.3193743460702185;1.3811930792702334;-1.1266970575379593;0.6460997052123394;5.709908122335397;4.886521181175084e-6;-1.5120212219339109;-6.288584705088498;-0.0009670144551761326;3.943114207780679;-0.4494846238682657;2.6378679987943783;2.442234287780292;3.793534051710411;-0.7225336763858401;-3.7603045468149063;-0.07739236491994424;5.465046317359467;0.5552969138226356;2.985514479710402;-5.137880704975481;-0.42168213404975763;-4.2236372740831065;-0.29394290214178054;1.3827167062941197;0.5551040324603713;-0.6069530276220041;-0.6759409074218559;-0.014426357067254977;-0.5762090987523529;-0.043310873601699273;0.5885783839109632;0.40868863178646303;-0.8353870731796532;0.5777465608707953;-3.5120838737878777;-0.5359564565742779;1.8108209041485164;6.3864000571874815;-1.3727474068571226;-2.170257117247502;0.25448448497845877;1.748112172881239;-3.7480873590157553;1.0991348488322767;-0.6665044727254136;-0.2941726425333195;-2.985514479710402;-0.441897081386677;0.05272428706694707;-0.16374354485227371;-0.11329970521233941;0.7114604309167871;-0.6389534357136331;1.6460958278306799;-0.08585652952820268;0.7725182846242888;1.7279694812886452;0.1530545285154272;-0.9376850183210101;-1.422786880289594;0.016607891639646155;-0.15430144374260008;-1.6423197857472804;-0.29210850466140686;-1.098414300479863;2.3532372740831065;0.1784143004798632;0.36526615876624335;4.007576084535065;-0.5574955272745866;-0.7943938837640452;-0.6388207889324661;-0.5365740325024713;1.0571051773201356;2.967287359015755;-7.498101371637495;-5.694051167883746;-5.603210504334884;0.8230972914187893;5.625895503573129;-0.3597100409795318;7.498101371637495;0.48618969402392415;0.184304523785556;1.400003695083273;-0.3442899590204683;-3.9279787780660897;0.9808972391689929;-2.351130956129528;-0.8130033866281718;-6.3864000571874815;0.0729299470278438;-1.0560073343317535;0.0011475172647491272;-1.8566657545240044;0.4620395484759108;-5.442478611867474;-0.4403774174173827;-0.46660898605872375;1.6872148299174057;3.250478611867474;-2.628897239168993;0.8930543298463367;-0.6452459678017048;-0.7310650444417743;1.5136595941572268;-0.746250528628034;-0.8867957500468876;4.234017947826498;0.9841308420362544;-4.064219050413992;-1.8061029186133233;0.19039388376404512;-1.0784844849784587;0.6848757129330529;0.5739437316981606;-1.6797844221044116;-1.726039548475911;1.6277844221044115;1.1273385594730878;3.77746388271654;-3.2417494006704906;5.137880704975481;-2.9591089605914425;3.3931116883142587;0.6588409124718186;-0.48271690952199997;-3.38309729141879;0.32755058231677775;0.34919737915572907;0.34621778920238006;0.35726751761959674;-0.12155865165047777;3.521579591405766;-0.05440477532259081;0.0695918802178237;-0.657573642932745;-0.07289656278945525;-1.6251036402003138;-0.5617431603018902;-0.530522312987936;-0.03641038328682321;-0.9771162794245319;2.1736868960051465;-0.4488264508968191;1.652706766815616;0.35540909875235294;-1.87496330473072;0.6969020816010733;-0.327165612383986;-2.438873678726005;-0.892830133234923;1.0;1
-0.3538846995942869;0.515066244960471;-0.33603559216891;0.37167835167025187;2.823322165085715;-1.8120915859252928;0.5946259452558397;-3.937257738539413;-0.7848695167419271;-0.7121340270313115;0.04151244992843069;-0.8561581261606968;3.69350481124729;0.1325614976716062;1.812951886831902;-0.07139375247842768;0.13853895379503772;-0.9735457717099114;1.8171530123987532;-0.5759213399559526;0.10600512240601313;0.24440079604997964;0.2431859670492803;0.814647163436606;1.8144621862604955;-1.55060784160558;-0.5838595601790779;-2.8073243983515384;0.3688413012320375;-1.1016595452087687;-0.15034224358248716;8.65000005855234;0.9726190932842651;-1.0334601000700525;0.10127051557244708;3.4253709156057384;9.945440248762539e-7;-2.660261773886371;-8.59424373998938;-0.002978487987894664;2.7875254454395;-0.749268071903693;3.7940484284413047;5.217027022753135;3.838347635860445;-0.5878852721080005;-3.6095684366338268;0.6248501026490694;5.218084622760216;0.7985626356829545;2.846923149893969;-6.602549062408123;-0.28492485849176136;-4.2472597275456865;-0.1687974834869271;2.532195311548076;0.45283793062436783;-0.6172859088928062;-0.23941761383908522;0.260632949992861;-0.5348588224517592;-0.31559563860527373;0.898386856210989;0.7004648546910514;-0.8395595992345405;0.4943364488680244;-3.555443568304676;-0.3994264767858186;3.3657464270670254;6.386400057439029;-2.4996482634989903;-0.9506619050618078;-0.007125293233148807;2.304136554352899;-3.788736675135581;1.067313880714694;-0.972301013379427;0.11388469959428693;-2.846923149893969;1.1031386022250333;0.6393775686952344;-0.3111967217986102;0.4315294844275528;0.09192652437348349;-0.4748464236380507;1.8184379533757535;-0.6873010867640784;0.7771318352638584;2.0523214502705764;0.10399283389830084;-0.3850703343634149;-1.2921980802243294;0.15210563904411126;0.2302595601790779;-1.814038664432234;-0.24267553481007623;-0.4075568425970235;2.3768597275456864;-0.5124431574029763;0.37247820036266993;3.9403233156859363;-0.2516989866205733;-0.6070971076100273;-0.13600233845545787;-0.3351124914227638;0.9618515155744808;3.0079366751355807;-4.001980330699863;-3.420028184119725;-6.35878222864243;0.8574073925851017;6.387988370892687;-0.36663745489656513;4.001980330699863;0.49743205079474345;-0.12258161828369718;1.4000007909410481;-0.33736254510343494;-2.7797382261136288;2.128025808411855;-2.3746397135571953;-0.23038929858429985;-6.386400057439029;3.54215971851947;-0.9609948862380565;0.0031537524784276878;-1.811483698272601;0.7855507633574554;-5.1980350561814666;-1.0983850211931945;0.2726010485410905;1.7540832818618717;3.006035056181466;-3.776025808411855;0.3385243983515383;-1.1630221558294536;-0.6154310184776037;2.66527741739514;-0.6304206866507874;-0.4602627575283745;4.258168327678385;1.577845230373335;-3.673525732126394;-3.3511386022250336;0.003097107610027172;-0.8168747067668513;0.09822243130476553;-0.1325109786921922;-1.7471306484987932;-2.049550763357456;1.6951306484987934;1.0339712630620672;3.625343142296526;-2.999310629090223;6.602549062408123;-2.9986670950462817;3.427943833426449;0.391237864932288;-0.3715500394182527;-3.417407392585102;-1.3832939809659903;0.342127548439797;0.5123154064586263;0.21540707174533055;-0.7105355961482943;3.565579386869161;0.5823079067776233;0.0716085844955718;-0.932632949992861;-3.4617104474571083;-1.6912948060405901;-0.8044576885893522;-0.38973378817492915;0.4320224686156944;-2.1106596612396413;0.9512602159930681;-0.6138934467123202;1.500008109450225;0.3140588224517592;-1.8144112961495134;0.9817454290393053;1.3844644396479064;-5.201648739827278;-0.33836768820290103;1.0;0
0.14691143291410672;0.9022103653698051;0.16670656773477707;1.7902830008488564;0.803732191448691;0.17144828151816818;0.28351784656233214;-3.5209004795201255;0.9413744710843579;-0.7422940045619595;0.19965397431620668;0.6835510558763654;5.905643445654026;-0.779708018458175;-0.06562218793561113;0.03714347874105258;-0.41949073810503895;0.08184707457103033;0.7663313548909405;0.05648918194555464;0.27884786445945675;0.23921642230794513;-0.2880541006120726;2.0753015920653874;-0.17135715135896928;-1.81188686293888;-0.7140579539900109;-0.802391012412795;0.3513178622133481;-1.2196122517330015;0.57975134709036;7.85545778302009;1.0336204590033617;-1.415039276600366;-0.09756271774546285;3.1127276395381456;2.3401203941079013e-8;-0.38426533383147016;-7.798737393452121;0.10560427725834082;5.0800000452819;-1.1361879859756152;3.3884335689855662;3.5813497638610374;0.30754168607736476;-0.9727071968160137;-4.966588631625233;0.9028036539371684;1.6244316596055604;1.269817608905652;1.3504476387120543;-1.3000511163384245;0.3881669053095155;-2.6870335102260667;0.5534947788438399;2.142303824466554;-0.045381393060951354;-0.4171897792312122;-0.31379844384051564;0.3596200197784346;-1.2020143669310808;-0.4410898468097262;0.29333835569701955;0.6157947189959306;-0.6416851495445517;-0.3385194894275087;-1.7280972471708191;-1.0314889730930423;3.4861911433261747;6.386400059122341;-2.1117633687404864;0.8959126359425783;-0.2756871232640169;2.9631992934299305;-0.3068658560629983;1.2173575642295567;-0.44493554759972964;-0.38691143291410673;-1.3504476387120543;1.2220353009469025;0.7942867435651667;-0.9307266365066913;0.6303627177454628;-0.26015605676401615;-0.6301657266728048;1.4492141605408744;-1.0492847518718476;0.561366260124754;0.32369961579042317;0.6692501054608194;-0.2294161486283144;-1.463576625494559;0.6666301946595635;0.3604579539900109;-1.446702188499034;-0.7725952037693024;-0.5070160439576484;0.8166335102260666;-0.4129839560423515;0.33605103079042214;3.5234318755847647;-0.7790644524002707;0.2550044926032834;-0.14052517467382572;0.5482101573760888;1.4520186528823147;-0.47393414393700173;-4.316631412418509;-3.1081846348220696;-6.29006910693744;-0.6821944202688566;6.319015183436717;-0.33158949518353625;4.316631412418509;0.26327168503931575;0.3989800341157012;1.4000000720985342;-0.3724105048164638;-5.05573466616853;1.7225729516968988;-0.8163298188388731;0.12236348839480904;-6.386400059122341;0.9991896788406176;-1.4498824107673058;-0.10538347874105258;0.06575287410062848;-0.9403990693934776;-1.622403746520804;-1.0608749603965213;-0.9692539954899732;-1.6315729339903078;-0.5695962534791962;-3.370572951696899;-1.6664089875872055;-1.8284813045818316;-0.154077261483107;0.3844256612834141;-1.259012618972345;-0.06413815719094006;2.691519902019408;-0.05822591601040216;-5.854818361320211;-3.4700353009469027;-0.8590044926032834;-0.5483128767359832;-0.056686743565166633;0.7828277263144666;1.6372061768536514;-0.3236009306065227;-1.6892061768536515;1.4160698266476655;4.996012261632132;0.5699421866701282;1.3000511163384245;0.47468501368286975;1.8808792106913927;-0.25488012674897603;-1.7875626579252166;-1.8778055797311441;0.3244524433733786;0.37841346450523594;0.40423541175952105;0.6366561660255916;-0.8491801092088336;1.7306174786712691;0.17303305217794568;-0.036979376281948736;-1.0316200197784346;-0.9869225352909871;1.6933150690942813;-1.28504482445675;-0.8032154458752222;-0.041582667856853724;-1.7067197561275131;-0.8953681458153454;-0.5453275347475909;1.5443955072282682;0.9812143669310808;-0.7657351535757493;0.9758534749073916;-0.3243805432671357;-3.5740174051550846;1.667365109774035;1.0;1
-0.19221435662078007;0.7319412611657192;-0.18769455727195614;0.0687704203281777;3.7374800409614224;-2.391977367571466;0.32539503321229407;-4.102940933453455;0.06531521492191102;-0.47850188793737436;-0.04427989164713632;-0.7738193993840481;3.001567153515148;-2.3072179257201078;2.3751128729819384;-0.09103404189202084;0.20443746474468316;-1.106032893911223;1.899607859628637;-0.6708405552113761;0.08188865152597959;0.42527010783439395;0.05730199791176827;1.322711239087365;2.3956102142117217;-1.1173465328655636;0.18755416657355542;-3.7098424925009534;0.14641747237930294;1.1117655345369282;-0.2075712728541569;3.877268050745385;1.224175804315593;-1.218279658654002;0.5895774434140437;5.154761748071627;0.23040756394769973;-0.38399675383181536;-3.8643703177635866;-0.02260039985007066;5.080000041821123;0.1428003250209679;1.4218942055943768;5.062257799399664;5.111169383480937;-0.8056020453149404;-4.680979340554412;0.0744956200037937;6.295017517692674;1.0158181764699694;3.5941342128110993;-6.870000058229049;-0.47227540924182465;-4.659958242189661;-0.2672216630879076;0.1744761121692098;0.10771839913023772;-0.2793076349731333;-0.21039690953330709;0.11471199658670633;-0.6553736794060712;-0.16661496909204673;0.5321881585916399;0.4853671609042992;-0.5341908641303208;0.3065855596801929;-4.0221380715619;-0.6747494716324838;1.1395611623287971;6.386400058410119;-0.17383256286430548;-2.3113806015461718;-0.07976010874315627;2.7029865628143064;-5.0284030705315095;0.3949173920286749;-0.6211346215788498;-0.04778564337921992;-3.5941342128110993;-1.1102994207168138;0.48887030419089;0.032207376261871604;-0.05677744341404375;0.2295991555564104;-0.22830612390528252;2.039664125632501;-0.23071962397046947;0.47511577842581953;1.1996150670092436;0.5364758276342121;-0.7676831429705787;-1.2070570395915388;0.44356772655265714;-0.5411541665735554;-2.034689989240183;-0.6791215231112311;-0.5004253280677557;2.789558242189661;-0.4195746719322441;0.3472480126117393;4.106172739955587;-0.6028653784211504;-0.5543625199590411;0.06077615814171841;-0.2869011534681787;1.1270608129644264;4.247603070531509;-8.890444345479846;-5.1428498879374835;-3.3856718769084124;0.7750831967496041;3.3938851084356236;-0.34222365936572147;8.890444345479846;0.1671498804805199;0.21718675999890288;1.4000000197533424;-0.3617763406342786;-5.056003246168185;-0.2290840154973247;-2.786692668839322;-0.3342592491159869;-6.386400058410119;0.9331939698011268;-1.125788460244589;0.02279404189202085;-2.373009814361651;-0.0653060589434174;-6.266369853004029;-0.047933713737211774;-1.0712054459422795;2.632830740401222;4.074369853004029;-1.4189159845026753;1.2410424925009529;-1.586700384116635;-0.268517291855626;0.38410472339326485;-0.8631617674548812;-0.3270193267996952;4.672204686025997;1.7534717379787133;-2.988594527575762;-1.1377005792831865;-0.04963748004095903;-0.7442398912568439;0.24872969580911006;2.322689624499571;-2.6174854672514933;-1.198693941056583;2.5654854672514933;1.2190213398291607;4.706898203854131;-4.062188211280025;6.870000058229049;-4.230923380616009;3.34451594910456;0.47013783583925084;-0.06849675285540058;-3.3350831967496046;-0.5746301530239396;0.3670409836498009;0.41805034748020503;0.4583540327032011;-0.5545796905103518;4.034170513125278;0.6358950580719721;0.09121884568957536;-0.7867119965867063;-0.9276232418552203;-2.5592885310647446;-1.0218429885385112;-0.6352371074791079;0.017717985380554392;0.22948932625561658;2.314818769116805;-0.5243611850331431;1.5000028848430913;0.43457367940607117;-1.8968132579044168;0.850189842619799;0.5749825405363758;-5.047883594300698;-1.2405519793655775;1.0;1
-0.12868814054812905;0.38657091206513267;-0.03983902577638062;3.3123704027562866;0.9363514623040367;-1.8645331705238422;0.13642438359010745;-5.156811442103365;2.5774750874443506;-0.6684330706714554;0.7233151620375434;3.3620290575371974;2.098297894840981;-2.070581522665511;2.0210736319033766;0.08425295129032707;0.11973893261684042;-0.3705566500606058;1.155314918626966;-0.3819160592227122;0.07658182609509244;0.2500231901583352;-0.0011829030695752738;1.0826697445112559;1.86680200107413;-1.6324761834894383;-0.9805864699241974;-0.9344437849596324;0.06545087605436999;-0.1009652153309292;-0.29048766651625785;5.348122144332717;1.2456593660494308;-4.450553415745056;0.10280446227824552;2.499426454107095;9.160900523314171e-7;-0.384802240179465;-5.325452729838594;0.1527334796632765;5.079999969440178;-1.367519509398268;2.1551289639619293;2.487183463398216;-0.2045490630310938;-0.38506618231032114;-4.696220754133266;-0.1558874082879142;2.084307083760036;0.8061988664390731;6.479061265517799;-2.5043011495768823;-0.5223209338205707;-3.0832321011722827;-0.3364901490746416;0.902323765876664;0.7187138304526293;-0.02770520933404777;-0.4146228733941283;0.20757699118117787;-0.5614388212445083;-0.2829450766758552;1.0305255917157787;0.552044862633125;-0.27698659009915594;0.4287914516958175;-1.8415922125842297;-0.5478205025459852;2.356413120630075;6.386400057429388;-0.8979039472355809;1.406623334289288;-0.07438482634340748;2.785050926768764;0.20587982798852267;0.23455673307826486;-1.1959386126805074;-0.11131185945187094;-6.479061265517799;0.10101862797935421;0.6803823002345771;0.06218636389508196;0.42999553772175436;0.3603820097374216;-0.14203270214946243;-0.4572543333110848;0.008296550230463133;0.21499377835093125;-1.3056581189583585;0.23438452950157632;-0.4614218526526893;-0.6015646904160639;0.03937588094804851;0.6269864699241974;0.45834412469266445;-0.2440830972801291;-0.520012333806792;1.2128321011722827;-0.39998766619320786;0.34369417333414864;5.161904893423103;-0.028061387319492835;-0.6147293706934163;-0.6980748046762487;-0.3591991066678463;4.53461954425104;-0.9866798279885227;-5.922306208990277;-2.4965015494459757;-2.483211577036835;-3.342886954269953;2.487772620815016;-0.3386149288848265;5.922306208990277;-0.09493784615557703;-0.12851870366630974;1.4000008213250306;-0.36538507111517354;-5.055197759820535;0.5009739831185226;-1.2122502079298938;-0.48719387297116645;-6.386400057429388;-1.3916416648425465;-4.517343976164163;-0.15249295129032708;-2.0195354807374066;-2.5707637620377213;-2.0809934812189943;-0.7956824807271556;-0.6406161618758351;-1.1221575794858765;-0.11100651878100563;-2.148973983118523;-1.534356215040368;-1.6267743553753198;-0.9383612228363016;0.3849136821958541;-0.7500492419652707;-0.313827408974722;3.089028334530127;0.460221732625421;-2.0917390929587154;-2.349018627979355;0.010729370693416136;-0.7496151736565926;0.057217699765422826;2.0832968877317932;1.1250646399867865;1.306763762037721;-1.1770646399867866;4.4579876336144215;4.722899768163602;0.11112723404459311;2.5043011495768823;0.988572905762778;-0.7813183766963555;0.18654232750537256;-3.3040744548841867;0.7828869542699523;-0.4198499128580613;0.371924436254733;0.15999192935606163;0.04137200897617253;-0.7379274999282254;1.8444410393470785;0.18401432255523326;-0.0840661285059842;-0.8795769911811779;1.403955503857769;1.1794271898587385;-0.7864293921347013;-0.03147322568975188;0.22825472697752647;-0.49992765072898315;-1.405222526486413;-0.2895556798835695;1.5000297498996031;0.3406388212445083;-1.1542696698084782;0.8482806982702944;0.41999406581684606;-2.483655222889247;1.5351527620968906;1.0;1
0.0679771316033479;0.4720555791673542;0.08027276631112157;2.0130014460154926;4.042464516069144;-3.7200964172780786;0.2578480341757701;-5.5568666616477325;-0.7091857905395265;-0.7335648580749866;0.6017221972813627;0.5413839581684087;3.0705864592925143;-1.1646046639167542;3.7563033418282217;-0.046602619200531284;0.16129115228582602;-1.324705235105765;2.8910830697767844;-0.7298437675194424;0.2898444826416826;0.36855184110772754;-0.18296797791843458;1.483775803437954;3.729161155214649;-1.5411658669298847;-0.9360947307825823;-4.009887527605581;0.15094749871076002;2.3472335502247663;-0.10646321611100927;3.788814223733817;1.012954113834069;-3.4891337599753345;0.10667141941709926;5.8000000512095005;6.061229648435286e-7;-0.43047431433807676;-3.7758274769914832;0.021817835080973118;5.033277379991832;-1.271399225631285;1.3766904132267905;3.4446409853350093;2.3486065212569214;-0.5024277770225757;-0.9739845652768223;0.2325073099319537;6.63212485365347;0.7775739161664026;7.250000024682139;-6.870000053703861;-0.2414785678916099;-4.531583273561336;-0.16765818436973462;0.13113706376469203;0.7674274272467853;-0.3393126826330483;-0.10824738476638368;0.26485538987637486;-0.7417662117964733;-0.31521864413761325;0.8064118123909421;0.7158980248790854;-0.6446405071380872;0.45131097752846755;-3.533983827441284;-0.755750958554638;-0.09220432811780706;6.386400057970609;-0.13020934205294205;-4.323467834710478;-0.2860797727640968;2.583836910605139;-2.329436601299819;0.623199319795986;-0.948989894732619;-0.3079771316033479;-7.250000024682139;-2.3406448154075026;0.5086033253630138;-0.31318957704772366;0.4261285805829007;0.5552004426956738;-0.44079198135244263;-0.8928296441836518;-0.3939694662841603;0.6225071929572613;1.9762342844857113;0.03170047437006691;-0.36401649778740003;-1.0945627721246156;0.6637275404329674;0.5824947307825823;0.8947097613930652;-0.125964838903673;-0.40400866532378293;2.6611832735613357;-0.515991334676217;0.36528094285743606;5.562747972226474;-0.2750101052673813;-0.7115159647961463;-0.8669001935579069;-0.37223246477723926;3.4423313304435776;1.5486366012998192;-2.848895134652568;-5.784834266416875;-3.5012517371751075;-0.5408816519255806;3.510243648225142;-0.3598485994772291;2.848895134652568;0.29558300583691854;-0.11183900486105496;1.400000574401736;-0.344151400522771;-5.009525685661924;-0.2743109351981032;-2.6584518381818296;-0.5466623479634688;-6.386400057970609;0.47746998349332437;-3.4324670279451936;-0.021637380799468704;-3.750978990295622;0.709728987549132;-6.599977112169655;-1.2365722418047644;-1.2305342419624201;2.016435665623113;4.407977112169655;-1.3736890648018971;1.5410875276055809;-1.4415936961061817;-0.9757595389596044;0.43066527788259273;-0.943224844883316;-0.31802916408201093;4.543748503022212;1.9834018722872075;-3.056847489675968;0.09264481540750216;0.10751596479614618;-0.5379202272359033;0.22899667463698622;1.1685025025236147;-2.0074351531905203;-1.9737289875491322;1.9554351531905203;3.4936966828539173;0.9757320588177328;-4.393631952869326;6.870000053703861;-1.5454446102580686;2.0231630079868195;0.5287959879587145;-2.009957851184546;-2.0191183480744197;-0.23763024965226906;0.34905750130116864;0.32456518171321175;0.13714683416513967;-0.5686721414531899;3.5438652156322394;0.7959092471470506;0.046802429531757214;-0.9368553898763748;-0.4754434454220859;-1.9507438673462285;-0.7475984992491522;-0.21272617685215675;0.40234273459144804;0.27501833408750326;4.335673760787557;-0.3702756221367228;2.220850602933593;0.5209662117964732;-2.884751910208519;1.0033324625728275;0.23787520005039223;-3.43797248601694;-1.540357326229083;1.0;1
0.042098467569246664;0.677995485065443;0.05401560826546372;2.0368585736393388;2.5401727316006655;-3.425463580299544;0.6961618935369654;-5.419273499908098;0.3526351405752097;-0.5211874458596577;0.5415376162068121;1.43571086473351;3.2643930377411214;-1.4618484831339384;3.486193060935107;-0.02035474864239513;-0.8114523911400584;0.8073731709245415;2.2902535029241062;0.5223023675416405;-0.0710506617548791;0.7638376747005291;-0.17714656527229564;1.2234388506370422;3.433362304699612;-1.2425247086712838;-0.48095355479184365;-2.526652080924021;0.0712933696070538;0.5224079748406882;-0.21456166211819258;5.331655636612978;1.1605751363853327;-3.758382156714842;0.4853423800984516;5.043726122941817;5.540605182950284e-6;-3.21663190926863;-5.308700141759308;0.048072671591099306;2.2291476824648817;-0.83847853632633;2.146090676623202;5.640000050067329;2.5590518876884163;-0.6982670965403509;-2.609608029665546;0.7211642683777075;4.099704842518949;0.6328630341744191;7.250000066310726;-3.588813721521688;-0.23703064520890096;-4.375642829715552;-0.26118900116428506;0.8946094651361057;0.6488496342008572;-0.5425985461393492;-0.3876499764015821;0.06407906307536886;-0.6346828834890708;-0.11728505499525003;0.6514402714458117;0.4918797168160552;-0.8382481344118513;0.6342855619340954;-3.373484765561442;-0.6184200373504489;1.7306416231954758;6.3864000584560765;-0.8900538372329879;-1.434479274731185;0.2209833017151053;2.0041032253416815;-2.5378908760855863;0.6366021792507127;-0.8151195971926035;-0.28209846756924667;-7.250000066310726;-0.5218698029780203;0.5179815001472636;-0.2945348986516177;0.04745761990154828;0.7632141600725744;-0.00024270785217470628;-0.3190271109096641;-0.8367312483280646;0.8108434915557239;0.9120712998904968;0.11355816071570715;-0.7743274991450926;-1.488838976621167;1.48033148817721;0.12735355479184363;0.3198613337017794;-0.20371338798243108;-0.9754073028684606;2.5052428297155522;0.05540730286846063;0.36327161085007004;5.424910789142636;-0.40888040280739657;-0.8502157598392835;-0.7220652424663209;-0.5860675948002788;3.7378301021595175;1.7570908760855861;-2.8535874855208987;-5.031430551305105;-6.488630225848315;-1.4320930404232861;6.520000058945428;-0.3579073563422988;2.8535874855208987;0.48706000315602366;0.06754311709959926;1.400000495986202;-0.34609264365770126;-2.2233680907313698;0.49185630793410184;-2.5028247991751473;-0.8834280304454089;-6.3864000584560765;2.3619990842660368;-3.725964367657616;-0.04788525135760487;-3.4814349762907115;-0.3524790476934061;-4.0868215572972435;-1.2335561607145202;-0.7758067009904706;1.7003095647365893;1.8948215572972438;-2.1398563079341018;0.057852080924020985;-0.8811466905559758;-0.8704091537756021;3.2242371881071934;-0.8202188132865933;-0.2016947707576957;4.3869528496129835;-0.6126022201419111;-3.2484597182756034;-1.72613019702198;0.24621575983928345;-1.0449833017151053;0.21961849985273643;1.467996635607961;-1.693160324655567;-0.9115209523065941;1.641160324655567;3.763807005375619;2.618228903756406;-1.8915110186363575;3.588813721521688;-1.753937248030678;1.1294578578142989;-0.7102643053374949;-2.0336837446266127;-1.1279069595767144;0.511257819704439;0.35118813125582765;0.3180619242476542;0.33499548569028087;-0.5885551449432362;3.382414926268759;-0.09710886558704661;0.020552054555324755;-0.736079063075369;-2.3236933059239235;-1.6382095706408848;-0.6054378775317624;-0.38560504134725354;-0.029145723869999446;-0.49073930282854905;1.436277601894452;-0.3978774582419672;2.647577187694085;0.41388288348907076;-2.2861775890751668;0.790882202520906;-0.5108911209972606;-5.621995719873998;-0.05776472279678982;1.0;1
-0.5030369713435651;0.2140623975112818;-0.4277888669755536;3.2350177299308673;3.136011719533381;0.01147181153782452;0.12830877657679557;-6.008809277962202;1.755549500280467;-0.5956541296081074;0.5443028286032399;2.121335147590072;-0.5667521397011283;-2.5987024898207203;0.16580885435074566;0.10796702747798419;-0.20760562551849515;0.46491869421405596;1.0293288839973507;0.12294234023817652;0.11211501766327117;1.2512484288342223;0.37732006321083456;0.9911398688821279;-0.011053880896755755;-1.2421875017116155;-0.7554687486811738;-3.1130732250600386;2.6054038022420256;0.8540445132754405;-0.2537418694521706;3.844444444444405;1.0800553526470973;-3.0524617636577296;0.37819676847308015;3.866666666666191;0.33931419591104267;-4.876910162157762;-3.8309677800986326;0.17644393624269805;0.564444444444491;-1.063968542470458;1.4059670652415601;4.386666666666276;1.6380513433085298;-0.2408136586293041;-4.0789997937738605;-0.07182963591506042;5.611861482649042;0.37278438905548456;3.2222222222086834;-6.869999999998616;-0.4319508550207281;-3.989764695921525;-0.3135523743008959;0.15700071485733208;0.9452035751550112;-0.8101411399772721;-0.5921367147186798;0.06887711535945043;-0.5166499720398895;-0.11720737208285384;1.4306904617006198;0.5578429427132082;-1.0143167850961219;0.3066871165695456;-2.766812172185719;-0.5071783206776426;1.3979147169790689;10.02863978499573;-0.15663100080692988;-0.3664102481149625;0.22896322059285965;3.4607207469577546;-1.6276008371527748;3.107158181368828;-1.5730127602986657;0.2630369713439431;-3.2222222222086834;-0.8530767890135188;0.13222535099005067;0.1246071271838623;0.15460323152751326;-0.16496059225079407;-2.7175188199047366;-0.25254970648531455;-0.07395792155705816;0.9497401954083612;-0.48763426515945263;-0.2462637029380945;-0.6999384982946658;-1.1638025929095335;0.6307188844926997;0.4018687486811627;0.25411756470364705;0.2667811027096294;-1.3161488331156819;2.1193646960148;0.39614883311780447;0.38844883645079303;6.016618627253594;0.3490127603040728;-0.5128748775285427;-0.5366147081765544;-0.21235947095996646;3.160154392878555;0.8468008371533351;-5.777777777776902;-3.858888849405636;-4.32745909251015;-2.1124252700878468;4.346666666666831;-0.3809886339610791;5.777777777776902;0.6848644619657412;-0.5895181793158765;1.3147399144857772;-0.32301136603557834;-0.563089837841778;-0.24507987345729204;-2.1173899552806623;0.03408760348718075;-10.02863978499573;-0.03823464980085983;-3.150664031570111;-0.17620702747588235;-0.16539005531835005;-1.7519425971453462;-5.5855500526924935;-0.6706671497110506;-0.7283449141395607;0.7082021277305941;3.3935500526945073;-1.402920126542261;0.6442732250634222;-0.36475078439659825;-1.1298620336937388;4.894211232214234;-0.6991615482044737;-2.7777117153681443;4.000549345747754;0.27891388726919075;0.5785001284038033;-1.3949232109838536;-0.09112512247131196;-1.052963220592826;0.6053746490107015;2.620807618904218;-0.7062315423680285;0.4879425971509256;0.6542315423971952;3.056413367843381;4.101481526427134;-3.3827283173555975;6.869999999998616;-0.8454389806628553;0.44985433385721546;-0.28369524492692577;-3.2259555124956543;-0.4475747298746416;-1.2571228701297343;0.3294523231333798;0.49834750438461284;-0.14763517781037266;-0.19671477865362458;2.7737915480777326;-0.18122344928518275;-0.10769262922548865;-0.7408771153298936;0.03824490803818431;-0.6532276860017592;-0.31157923972728213;0.09117067494587233;0.19819395702546963;0.24541877364902182;0.3665127441814553;-0.6089190689945541;1.4461489688585374;0.2958499720398929;-1.0281620520390133;0.8021075357118257;1.2581385173431805;-4.374572969101935;-0.644138889072913;0.0;1
-0.2083433843926505;1.014972647226191;0.10401526352410734;4.956878074024904;0.584283765326352;-0.3911103463528377;-0.6874807449296382;-7.969636585378897;4.7422840006123215;-0.36574422552495733;1.7640398701790836;5.344686576304861;0.6623165914429782;-5.550956414603651;0.6789115997505155;0.21438960335022195;1.9445857610089277;-2.35169229648659;0.5892353288327339;-2.021481871622751;-0.27577779994041246;-0.022694356462016944;0.17063095017592128;0.002788645049173592;0.3939218164007755;-0.7433329646356168;-0.6523888833258273;-0.5831184372133116;0.45027306344347756;1.7676368840653418;-0.6195578624411473;5.224257875260929e-12;1.468105794365327;-5.752053070582926;0.9602719464159377;1.9333333333293672;1.2685286930454196;-1.5055381519654176;6.133353832411467e-9;0.28291622192762417;3.951111111109824;-1.0218374198138356;-0.509623596013023;5.013333333323748;2.0751868662780097;-0.9438937895826349;-5.799001879980587;-0.5240121212451729;1.652703144824378;-0.007861893855756752;6.444444443886308;-2.2899999999955916;-0.10622523419229302;-4.549387898584753;-0.7119552946095713;-1.7583764100759451;1.392587546349033;-1.9991704482557113;-0.5999038893842032;-0.2018828195899157;0.010206393912290473;0.16240476861637307;1.5626344064030486;0.33157387739300603;-2.2102446383696766;0.6866653704893027;-3.005096160355216;-0.03008924723050624;0.48579067650294433;12.15423595453926;1.7756215887137752;1.6783429253435607;0.31112053255438193;2.988555987716879;-2.060749141856565;0.2492652151192807;-1.6374550350968629;-0.03165661555181337;-6.444444443886308;-1.7634025637080755;0.4785804774014065;0.5088477866705668;-0.4274719463405848;0.42053080881212634;-0.17449526350216685;-1.5192821196471276;0.4161059790852395;2.158936382826841;-3.4459798093086986;-0.4687770905586961;-1.2094605426380567;-3.1739090295012673;-1.736681240173344;0.2987888833369759;1.5250632004409652;0.6670930575395391;-0.22873635199703718;2.678987900498077;-0.6912636479968469;0.4061322309198676;7.982810911304167;0.4134550353623746;-0.9231309273894313;-1.5158028095071294;-0.5911617589743943;5.966107538615084;1.2799491418220912;-10.399999999964663;-1.9295115590493013;-2.1696474906498624;-5.292564909683125;2.1733333333352145;-0.3970207572231228;10.399999999964663;1.8954729519368814;-0.14488397031104172;3.2227743676988823;-0.30697924266089427;-3.9344618480192306;-2.1579788874610255;-2.6759623497831604;-0.5293035858012537;-12.15423595453926;-2.4402908938742436;-5.933921904613529;-0.28262960330136616;-0.6768380375297858;-4.718204296668535;-1.6502734423286478;-1.3131200683922017;-0.0027885253468952803;1.505058516685498;-0.5417265575972651;0.5099788874850711;-1.8856815626636536;1.443792318369951;-1.5193414258890656;1.5073308992719232;-0.1878993978203442;-0.7442949648263684;4.562535378427545;2.5103909993563462;-0.6610632940839304;-0.48459743621572066;0.3191309274042953;-1.1351205325534492;0.259019522586341;5.646597125260831;-1.4970304970581954;3.454204296832775;1.445030498507695;5.765532843991108;5.843885492614976;0.5419692772230161;2.2899999999955916;-1.277931097009269;-2.7234858559793182;1.8771081154376188;-4.936364894723584;2.7325649115044173;-0.6347722062616994;0.31477168656228127;0.4931284066467632;0.5377615590979781;-0.52474149932638;3.012758512769949;0.47458418104981914;-0.2140544686855137;-0.4701171797901108;2.4809276413213746;-1.442957791735295;0.1372032143202616;-0.3482444355440941;0.07309231976284328;2.1775441494122063;-1.676236603134738;-0.6197516308331379;4.333226990739448;-0.23100639391003627;-0.5886983007586464;0.5632400374585868;0.637296855169118;-4.998306231217306;1.886816476587142;0.0;0
-0.4084437907680505;0.594868637289806;-0.1609972448782268;4.977642132487895;0.0133728232810316;0.12972061032256796;0.315314631298797;-7.36561113654855;4.054162644367267;-0.44785473394746356;0.737177893173528;5.483148781209007;-1.4511496244290427;-1.1395298237586584;0.16319474374589177;0.22403588934481136;1.1164950070755326;-1.5714904368878422;0.1746081530322917;-1.322364419949628;1.9138073884494076;0.029873196484345194;0.3422173855182431;1.1926943757802737;-0.12961516485619348;-1.1905002229966772;-0.47466637504260534;-0.013183379666079721;2.460225826027073;-2.323871744057676;0.2967338415861619;8.64999999997032;-0.7372202399727618;-5.463514484803543;0.5344457583744583;1.2888888888883665;-0.2744443490735974;-4.312962735623314;-8.582241705724002;0.2926381654859713;1.128888888889069;-0.8641939207151683;3.784548791180697;1.253333333332701;0.8421268977161573;-0.5363389281418443;-5.50092170244282;0.5475721126835728;0.8195005511337018;0.8141693834164704;5.638888888760456;-1.5266666666658564;-0.02521622089680091;-3.9366463628651718;0.28253376174739575;2.5296929144763247;0.6775445715506917;-0.43150151306348705;-0.47093058712561214;0.019510926704288334;-0.8067643102120933;-0.07468827751164353;1.7911740282401802;0.3716950238822795;-0.6681765055689546;-0.26238665406607903;-2.3831506785673913;-0.5829711774742488;4.6106312308699025;11.453003796610481;-2.489793623178733;5.090349247120958;-1.598252730355307;4.956930618219509;-0.8396371079741631;4.778900995862658;-1.8515363916289993;0.16844379080422794;-5.638888888760456;2.3320213562349648;0.6253660016848757;-0.4528809492239077;-0.0016457583512145242;-1.0902034801030838;-4.374033214473558;-1.1292409417353544;-0.6676984104202054;0.597487423519528;-2.7664775029996473;0.3398644341432327;-0.8902569884767414;-1.1923560606820587;-1.036846647976195;0.12106637504914812;1.1317174190895165;-0.14443760261365918;-0.2597575211673867;2.0662463630775703;-0.660242478830982;0.348541960290298;7.376785819028358;0.6275363917682721;0.35106326610139343;-0.5357473265738593;0.7479860946060854;5.687272714059434;0.05883710795977297;-8.088888888877879;-1.287424764640217;-2.8778195068661225;-5.42767561264877;2.89777777777967;-0.34099308136922707;8.088888888877879;0.29532020426727656;-0.31620691725384203;2.3066905237177693;-0.36300691860900564;-1.1270372643699256;2.1146895258300606;-2.064481883086514;1.197735123081641;-11.453003796610481;-1.6836473763408812;-5.657756934130232;-0.2922758893397217;-0.16302300051518642;-4.0359905831618805;-0.8187378736746876;-1.0758253778299647;0.12859236202293206;0.27163256247186385;-1.3732621262972802;-3.762689525788427;-2.45561662029941;-1.1147687775350263;-0.8539914513483507;4.32896913132374;-0.8249231982586744;-2.620878719155175;3.9464973652592286;1.642446487126577;1.4642451366170883;-4.580021356146562;-0.9550632660818594;0.774252730355632;0.11223399831231702;1.1439237196279823;-0.27026941083019373;2.771990583219546;0.21826941103097316;5.475694144951035;5.5406705530483515;1.3747848189513214;1.5266666666658564;-0.05858612923847399;-2.8572207723951393;1.1565037417004962;-4.957271668209205;2.867675613153238;-0.7059480586322636;0.3728563013351613;0.3420307787686094;0.18779696797510992;-0.656303628645867;2.3879690040242183;0.4149866951874246;-0.223758229430473;-0.6915109266190622;1.7060914380765504;-0.217858315180777;-0.71155945776701;-0.02582386123470526;-0.20892462797336064;-2.0933077839120204;-5.07134201756233;-0.4735709458011778;1.9546887194387423;0.5859643102240706;-0.17444575008809238;0.7321009086244341;0.7071661155349761;-1.2522763432751531;2.457532834637054;0.0;0
-0.11867107251065055;1.136786371780055;-0.10946681773674188;2.700056746751465;2.925715414766868;0.037198322128076;0.7654777075128917;-6.478186521809772;0.339265010132915;-0.5619173900405594;0.45790679256423333;0.9075543890956088;2.9828070705039407;-0.7835046612217207;0.11274912530700898;0.07552556464061731;1.7440522017575641;0.5065691657603963;1.4639607337388432;-0.9291165030364269;-0.5745892224250684;2.151250737695229;-0.01818644679364946;0.5745127554976265;-0.03357344326806694;-0.9856231041808207;-0.41136299843930657;-2.9025255629185995;2.834065758272675;0.7696702252063002;-0.5694750270370241;5.766666666666895;1.687565056728269;-2.3015032819506707;0.6547706011578921;5.155555555554875;-0.674157174140552;-2.064801514393311;-5.742375093386496;0.14392320576132403;3.3866666666667165;-0.6783345300855457;2.3663961520439605;1.8800000000000339;3.4599065891692407;-1.1912510499081965;-2.7599843281397956;0.09443896514871564;4.814282043829392;0.18326776483391521;2.4166666666674503;-4.579999999999602;-0.8915606123851565;-4.888854072410983;-0.610433419799021;1.1079789413455774;0.7214566970000569;-2.402553883634245;-1.4917356987202275;0.011548169991909496;-0.29952268764821516;-0.050966497759458995;0.6075765805015151;0.5664765255685007;-2.5906150814347164;0.71547231264332;-3.7668851816485738;-0.29186893214488896;1.4829582996012476;11.426436761435621;-1.1018620391249294;-1.6950747328324058;0.6342014355353529;2.1848584493779413;-3.4214056999038926;2.6749019644423018;-0.7620916892718553;-0.12132892748859431;-2.4166666666674503;-0.7686571124513025;-0.7540037792898491;0.3284361341943911;-0.12197060115710566;0.6983825848450113;-2.259476535844246;-0.15528068198517114;-0.2515170951292489;2.5363651216069023;0.925404507627085;-0.4422206835617592;-0.7999161121860464;-3.6731514933839975;-0.9230698387872872;0.05776299843995063;0.15615724735044295;0.39254372965285905;-2.2684825662648866;3.018454072393647;1.3484825662656537;0.4216628759553232;6.486220311419914;-0.4619083107249662;-0.9453295496355227;-0.6311898792593835;-0.6801961380507314;2.376761309758751;2.64060569990282;-6.933333333333385;-5.140463968000274;-5.05063239280059;-0.9060397440808958;5.0711111111117635;-0.41438921841384807;6.933333333333385;2.2967184318804543;0.08912477389269323;1.4869086574483035;-0.2896107815851226;-3.3751984856070676;0.711566212763471;-3.0149114162673545;-0.8152365570034209;-11.426436761435621;-0.7007199755927233;-2.371515122832517;-0.1437655646405245;-0.11034976246961103;-0.33914843815761475;-4.79455600020365;-0.656150900619771;-0.10082707652985767;2.605796597927924;2.602556000207148;-2.3595662127636396;0.4337255629202393;1.4359310023525893;-0.9437633946861006;2.0678253223047034;-0.49784382335175253;-2.88694524558932;4.9030181278902205;-0.1850389289645733;-2.9587759681919508;-1.479342887551662;0.34132954963641915;-1.458201435535281;1.4916037792904298;0.7863582376639733;-2.5897603356526764;-0.9248515618440715;2.537760335665973;2.303917541392335;2.7693873629280965;-2.5936662431279913;4.579999999999602;-2.6338580465648396;1.656663654116731;0.7548988541089742;-2.694369744534627;-1.6539602559154702;0.23474855323427446;0.2938966495568574;0.8088163707351655;0.7695881739539088;0.6849544844007656;3.7781297750594653;-1.2614680198690795;-0.07525802781150535;-0.6835481699826607;0.704039381242393;-2.531475286766036;-0.12425584199789436;-0.8979411446246983;0.10380514291161957;-0.709591599253754;1.6973066754722388;-0.9207803349598934;4.072294628255904;0.07872268764888682;-1.4617875028059366;0.7833551166289145;-0.23428204382997675;-1.877638262067991;-0.4335281182641744;0.0;0
-1.4847759701699033;1.2097538595766961;-1.2792146317084785;11.25451614444927;0.5165316556128032;7.899275757701627;-1.6185046932999057;-16.035039983263925;3.1885664400417646;-0.4026098546671108;3.694803121354686;7.753900650730115;-1.859382354318952;-0.41446807519491574;-7.051194807044293;0.6512819461306866;0.8284619976991221;-2.736500027659943;-0.14197286091522504;-1.553510100600704;-1.4599541166309635;-0.8203733839195435;1.4067370575410905;0.37104703166047304;-7.815062107830766;2.8071679778932412;-0.5448088617965465;-0.5158316470662767;3.2022010694284218;0.2078804671032221;-0.5202215528857075;6.727777777777911;2.87397849089372;-7.02676709493917;3.2108093949428964;0.6444444444445906;1.8218611869647403;-5.446785670226276;-6.692900024939911;0.7206326627736556;1.520450432224152e-13;-0.8408077131328429;2.8432266112624585;2.5066666666668023;2.5119686823564407;-1.0077908359869836;1.0971595699997057;-1.55103170016867;1.9607047419744947;-0.012184193314382918;1.0805085362847634e-13;-3.8166666666668143;-0.17569537510807393;-7.445148962482401;-0.5518196708847938;1.5816734136775987;4.97597939721893;-4.911049422652449;0.048248102901597464;-0.27272265964930886;-0.2487045601965831;0.4255067788980731;4.853350153555846;0.667192141678298;-5.96736714540099;1.3172435292586855;-4.7542313434623065;-0.18416498775857543;2.049900649481005;31.50015057078964;-1.5683777553806424;1.6987677128768455;1.914265086362984;36.447896363147315;-2.4899083507872763;1.9810939344130345;-4.535727877625428;1.2447759701699481;-1.0805085362847634e-13;-0.20644427944769278;1.1339212757786479;-0.38120230548817674;-2.678009394942888;-0.2347052636463694;-1.7422469527974398;-6.861726010041198;1.4166000684079647;6.372679857203073;-1.9066481799794444;-1.5917526489238056;-1.4356969242306166;-7.582433716779299;-0.7986358045546635;0.19120886179654972;6.964129911503919;3.8157181987017994;0.5774254537849386;5.57474896248295;-1.4974254537849259;0.6010709558471177;16.10760348269507;3.3117278776254557;-1.4766838584505948;-3.715964765510447;-1.172031793894676;7.676528042508948;1.709108350787347;-1.1555555555557007;-0.6438961688353174;-3.6104480752413135;-7.612949782320229;3.622222222222365;-0.559718807452662;1.1555555555557007;5.792888344121802;-1.9240375546465294;2.3572720126275044;-0.1442811925473141;0.006785670226385154;1.1847714390071968;-5.55676905669624;0.13076585795050094;-31.50015057078964;0.29438703369322416;-7.611927789814603;-0.7195219461306314;7.094429445057873;-3.1748209806500096;-1.9561057474746721;-2.240444404582732;0.3090691486805579;6.135000400159209;-0.23589425252517066;-2.83277143900713;-1.9529683529334285;3.8656231874080262;-3.4849483049848065;5.469830429560509;-0.4020820439019019;-3.252566968850881;7.493271330395008;3.0567160386368357;1.8810356370485364;-2.0415557205521955;0.872683858450615;-2.7382650863629725;-0.3963212757786518;0.4150204133099889;-6.0041530485808225;1.9108209806502616;5.952153048580898;7.051194807045863;-1.0772865977991088;0.2363385466429309;3.8166666666668143;-1.7058379271400546;-5.007247142129544;1.4185509441013409;-11.109338367135573;5.052949782320401;-1.8526354867772785;0.1744788012795301;1.7464175436735707;0.4067198801401166;-1.1695756587357957;4.780523838816256;1.3179490835586716;-0.6497609475690513;-0.3992773403503403;-0.2791265290013505;-5.903939850637573;0.9245605072463692;0.1776200109730861;0.09667298339670066;-1.179054818905318;-1.6966704432322677;-1.8027698937169183;9.150908512791268;0.027904560196572226;0.1452084556319197;1.0576104285602124;1.855961924692734;-2.501407447003057;1.954543401672293;0.0;0
-0.5617534264121876;1.100661570690961;-0.5046705562430678;2.5515909669626162;0.3586037824363844;1.1180949832079596;0.12097761489830404;-4.258635126155182;1.5997932269042314;-0.968057040706959;-0.8003263804436119;1.469801230568332;5.383826040116968;-1.062639323171534;-0.9519221538130715;0.0962987222508168;-0.9432524594049481;0.5284893116772338;0.3785700305408987;0.4928432676321396;0.363740905630873;0.28286213570339;0.428850291693485;-0.1851788979677776;-1.1172080166258072;-2.1472600137065427;-0.7379604597470961;-0.35832748142874743;-0.009525479924299751;-1.3652925714132917;-0.7549488066131779;7.6888888888901015;0.9800559038327665;-1.7558543927650192;-0.5811796317017;2.5777777777777784;0.21249373197614985;-0.3857802577353009;-7.646054917458354;0.16480684194594655;5.0799999999999645;-1.0758486304648718;3.3232556328950595;3.7599999999999616;0.21368424793547822;-1.1616367362357505;-5.253481863409779;-0.7940761934878647;0.9986481750621061;1.854082846085334;0.8055555555555547;-0.763333333333329;-1.1552357195536924;-2.806652163823002;-0.777753716857485;2.0547992845741474;-0.4821021524560305;-0.40505876213983283;-0.22639080822718163;0.6507576197141254;0.014982091427067606;-0.7260659812379919;0.33073306154822374;0.8529819850763468;-0.6576683671410057;0.7418527258439739;-1.704194381514591;0.09780703989126283;3.633854937542699;8.192863997091905;-2.0327690577360302;1.6979080853640736;-0.3595492508748027;4.725879740716614;-0.21294619063295225;0.8763015014158382;-0.4931486404349607;0.3217534264122552;-0.8055555555555547;1.3677829860872872;0.8811421819900962;0.6548497976328972;1.1139796317018094;0.07609947268692202;-0.35421542570630016;1.0776886365060874;0.6566581046555452;0.5841530511081521;-0.33261551395109656;0.994839816153681;0.28132302194502273;-1.6848146217989495;1.1405344311209928;0.384360459747153;-1.0760309047568792;-1.043059207200282;-0.5222091697953108;0.9362521638225801;-0.39779083020470324;0.32443162154066085;4.262679491786228;-0.7308513595647257;-0.8073430796147861;0.9675727086996108;-0.5049497643802927;1.851981942666191;-0.5678538093671489;-4.622222222222126;-2.574151270944763;-5.769818918020556;-1.4654817690909208;5.795555555555533;-0.3197778732881136;4.622222222222126;0.2661567362179532;0.4046580991349573;-1.0886293062992607;-0.3842221267118532;-5.054219742264582;1.6617146796757705;-0.9357338134815835;-0.18938316731491717;-8.192863997091905;0.8907709315654347;-1.8483712611094332;-0.1645387222508218;0.9524011746800334;-1.5968578578767376;-0.9978073684925002;1.5377225965594974;1.0204413408868516;-1.5360718050037863;-1.1941926315074365;-3.309714679678872;-2.1104725185713034;-2.735470346836202;0.28242362843529745;0.3859928779040873;-0.12782814191680206;0.2386648484753312;2.812089522096975;-0.5158512872138488;-5.339223349445217;-3.6157829860895125;0.2033430796157494;-0.4644507491251307;-0.14354218199006205;1.068604809463001;1.541805974252439;0.3328578578767011;-1.5938059742520982;1.7574777093688738;5.290273928640418;1.195437775841025;0.763333333333329;0.5687631658066149;1.0957225332507683;-0.6793481272043923;-2.545827807607044;-1.0945182309091077;0.23554748850841317;0.39151163092305763;0.5745591760820103;0.8372051146951545;-0.9212768784115288;1.7070441591921635;0.1508588155271488;-0.09612754990129778;-1.322757619714056;-0.8817359543534667;1.5992368341934071;-1.8478218012297993;-0.9792172752167569;0.05667997737225109;-1.6504465566386626;-1.695940121943185;-0.711364421234512;1.758663000656668;-0.23578209142273254;-0.3781412876364156;1.2864462628918314;-0.235314841728742;-3.7513757410290705;2.1120031622969067;0.0;1
-0.9926727631062486;0.15364350489810502;-0.887731275319486;5.472143204294219;2.5498711248266175;2.595421150316482;0.946097738144541;-10.250669888236063;2.23407270194931;-0.2933716784652212;0.13501806018396864;3.3975190464193843;0.5003486025168538;-3.094072613022595;-2.251748093317939;0.265926532072015;0.13044629929721296;-2.0015367667591164;0.7086756813618288;-0.9307071839236544;-0.783586332421585;-0.4519303804060044;0.8750732477058913;0.34658601729072386;-2.589318017817198;0.9138756994804256;0.8857383087529553;-2.536227268337692;1.2397813111403546;2.2799677423433;-0.5565609403117384;1.9222222222222243;2.0550763032656034;-3.856647488273478;2.0652358917443383;3.2222222222222245;-0.6763104721044861;-0.9457364691741661;-1.9190766129632677;0.33451911149429214;4.515555555555556;0.843295517289341;0.45089606916785;3.133333333333335;4.752644406237163;-0.15692121661252284;-2.664276265595086;0.13075392548922693;4.792785799103981;0.3423321997126212;1.6111111111111098;-6.106666666666672;-1.0791266998637483;-6.398513077077621;-0.6325604528732954;-0.7998194562045913;1.1472956146849385;-1.257167494622189;0.12346088462642016;-0.19382744503042076;-0.16423323683202048;0.22548235826084678;2.058465988162546;0.43514118756395775;-1.5104649539063915;0.14694163589839418;-4.75867449753533;-0.1934665390187528;-0.025150191931972724;19.294120219883677;0.8035417449814606;-1.3174468238464716;0.805235808671263;11.260271564489813;-4.672661761295988;0.4907954160037804;-2.182474578871045;0.7526727631062659;-1.6111111111111098;-2.2732505972900645;1.0236292478936058;0.9061797572866319;-1.532435891744318;-0.8585127232118874;-0.4561949787187729;-2.145796436354212;-0.24457103828076399;1.4734483224860626;-0.9625209184968369;-0.34596408534534423;-1.3449106797956516;-1.6270918273841417;0.13449826551776212;-1.2393383087529553;2.154002279970025;0.6339137810608981;0.2773782791760553;4.528113077077643;-1.1973782791760597;0.4115608599677645;10.273258192858124;0.9584745788710154;-0.38659748619642964;-0.2787643393654823;-0.016560524494030726;4.122173685568621;3.8918617612959885;-9.244444444444447;-3.217351917721949;-1.4471832335297643;-3.374405699488914;1.4488888888888862;-0.4006767582216677;9.244444444444447;1.1975559590849598;-1.035665838122266;1.2554400027223238;-0.30332324177833125;-4.4942635308258385;-1.1973902147032185;-4.5191513721324466;0.7426694186171399;-19.294120219883677;-1.7944648353470622;-4.106194727781194;-0.33416653207201574;2.254798906322925;-2.227777415402113;-4.774385242465479;0.38486557477881433;-0.2852466367410554;5.101825869667836;2.58238524246549;-0.4506097852967758;0.06742726833770214;0.12840322172980478;-1.2246665601046687;0.9468346310129181;-0.36831947827196976;-1.5201597756266234;6.4254408767089695;2.5748525209964157;-0.49706208787836176;0.025250597290061808;-0.21740251380360737;-1.629235808671271;-0.2860292478936003;3.1288209118000587;-5.0329220036178395;0.9637774154021108;4.9809220036178585;3.8628592044290575;2.673730669556067;-2.5771275433462293;6.106666666666672;-3.876340892575101;-0.8097911172027428;0.7543566869696677;-5.446326621405746;0.8144056994889177;-1.31251920710467;0.31290899482146795;0.7667157395432322;-0.25463964335519207;-1.0874452507471197;4.778526683941837;1.2471800797894401;-0.2655261972951469;-0.47817255496953404;1.8180693686512068;-4.955659107424898;-0.08917710221866204;0.26895009857902763;-0.6506375604519794;1.203681059973105;1.3190828469348361;-0.8812472209562283;1.7517395727183072;-0.05656676316798345;-0.7076756585642389;0.7864320731798261;1.3138808675626803;-3.126356076452989;-0.0671020985075272;0.0;0
-2.133229016552165;2.44024782936346;-1.3648638489611342;13.077380177256007;-1.1288512130837696;6.866897600561707;-0.9733093671765205;-15.921554034483743;6.5020681503059174;0.13330463912570875;4.021471417964755;11.074796114270058;-2.6438708282645615;-3.194397296871024;-5.9765320897146905;0.728919679879523;-0.46474037490294134;-4.434836181068775;-0.5421023875526751;-1.486556126189083;-1.7072671385360976;-2.319757872986829;2.317617929223787;-1.1878984092288725;-6.805774305996938;1.1428224780721576;-0.8468761158882541;1.1362191904805015;4.1569302956778;1.228034496775639;-1.3226196749796795;2.8833333333335185;2.9592764178683337;-9.948306268709329;2.4236512216683215;1.8591378436738637e-13;0.998773719884406;-2.63187249859229;-2.875768510194671;0.7988032833253171;2.8222222222224116;-0.8051509533162815;0.9372578540668379;1.6603732277964411e-13;-2.712395734042523;-1.8925231542898928;-0.9032698751753566;-1.710618969109872;-0.852830461743926;1.3667671808131012;4.027777777777878;-1.803908227260238e-13;-1.25404082875869;-5.91551995418781;-1.3835651931236779;-0.32948934387199114;5.308031192924876;-3.4441012967138502;1.274496501092047;-0.4805768242058329;0.6053032277869004;0.5450974671069057;7.075112264536943;-0.09370447610206609;-4.388524011661219;1.4037385977684063;-2.8343845077866514;0.5807482522904581;1.0287536551752807;28.812632292745246;0.33480060599716166;3.9259666833920015;1.853382001571704;33.969187145645435;2.7424245768687374;2.5427077683324275;-6.000730299292331;1.8932290165522032;-4.027777777777878;-1.2241312284480088;2.2445014881371046;1.1664462703349656;-1.890851221668302;-1.1058520492437842;-2.4496631571417216;-8.174798275130263;1.8497501959352207;4.661702333756552;-5.1540011801668735;0.49207452448694744;-2.091202106232191;-7.101950163119433;0.47052853442471926;0.4932761158882529;8.326045863265438;2.734733488638303;2.2980669093028063;4.0451199541883565;-3.218066909302804;0.4677463730640647;15.998271951563213;4.776730299292398;-1.57803039664314;-3.962367343963686;-1.211765879979858;10.675590986181202;-3.5232245768686594;-3.4666666666668227;0.00010639999102340231;0.004586706185275957;-10.755878760847015;1.8279822100453202e-13;-0.4232958325866229;3.4666666666668227;4.063134375564229;-1.2043901635954035;3.2667308269465565;-0.28070416741334964;-2.8081275014075784;-0.7125502630740943;-4.035043175760652;1.1526433256079733;-28.812632292745246;-5.02760929767652;-10.532693726717037;-0.797159679879467;6.006971022672368;-6.443523519070072;0.8614741916499005;-2.8614757630051812;1.3354124604363953;2.6934276835479665;-3.053474191649726;-0.9354497369258206;-3.605019190480137;1.4712641877122472;-2.995301089979612;2.6392841220796046;0.3919501569384014;-3.97632328878063;5.947462740622393;4.718150027097749;2.6829665759189476;-1.0238687715518657;0.9740303966431587;-2.677382001571668;-1.506901488137098;3.2349507368309665;-2.654634702060525;5.179523519070403;2.602634702060592;10.004309867494028;0.9279893613076823;3.066182426957154;1.803908227260238e-13;3.537642186172339;-8.079196971567251;1.321813668018447;-12.87012519632942;8.195878760847222;-0.8512551869070011;0.3253896360974006;1.148782775873035;1.4247767812261758;-2.190074428377131;2.8441738572293063;3.11302251305038;-0.7272847174711573;-0.1914231757937344;5.2510730394020015;-2.591864408394422;-0.39837004838381285;0.055607387722484525;0.5506233141503043;0.7188430356987547;-3.9128851598563443;-1.2114323986585562;9.114719884180495;-0.8261032277869123;0.5440793330642806;0.6060699281900994;0.8528304617446771;0.0006585608457271817;3.6109331285499886;0.0;0
-1.3149557526183848;1.4312021787127265;-1.1798472858078228;11.274497529506228;3.503467301258589;4.48727768496944;-3.5556657913297065;-16.25644448157681;2.0097161472873557;0.1371066379004382;4.639314797470446;7.525850140250752;-2.489554535028636;-1.6323628334739044;-3.7966168432172704;0.5643341789381623;-0.40338364880889405;-1.9579298930572975;1.5272291288333384;-0.6550588990279937;0.8493051051053748;-0.3631389293541618;1.2169914813171339;-0.33460462477462993;-4.449661915878179;4.516336279635688;0.7152334037748853;-3.474625382595593;4.0420111388910955;4.755620151186198;-0.8091666196956867;0.9611111111114856;0.23726252116778365;-8.590292989186635;4.729602364994326;5.800000000000323;3.873590301991866;-3.1873259213489433;-0.9602621924151231;0.6335781542845993;2.2577777777781263;0.27068322387616084;-0.02663260208470624;0.6266666666670261;0.9011954944222001;-1.0605740672693742;3.901630236183194;-3.295410365365108;5.642104812920622;0.45429976181683784;4.833333333333519;-5.343333333333653;-0.1400030457309645;-7.669516133631788;-0.8926029636236384;-1.2811052054997827;5.459139110653263;-4.045461502296281;0.38164254783691276;-0.6354459033207722;0.17566445868506853;0.8228660424144043;4.980807492722635;0.18351550821918683;-4.633123259020049;1.8642423176541438;-4.952068470986872;0.14363843918587196;-2.4592782101106088;28.546539700252264;1.2916485697664077;-4.018294430829528;-0.6888114613790628;32.2258753903583;-0.894668662873536;5.267252646848371;-4.629101921438208;1.0749557526184774;-4.833333333333519;-4.721488298962947;0.9999772981047772;-0.2984727343348043;-4.196802364994333;-0.03533028321336179;-4.89131624399648;-8.487346383469763;3.318068837060658;4.787430009857115;-0.7373257203551663;-0.7331057131410317;-2.372772680313984;-6.218632188568556;1.3556396187608644;-1.0688334037748946;8.643417449152846;3.093778348398213;0.30346803045382575;5.799116133633267;-1.2234680304537853;0.5203936824042914;16.335900678323423;3.4051019214382885;-1.9446448084375003;-4.298491824845369;-1.1816611981035365;9.153381456469775;0.11386866287371167;-3.5542709598865777e-13;-5.7824952946703245;-0.7059123682478701;-7.379808279972982;0.7244444444447948;-0.48652589674041186;3.5542709598865777e-13;4.38835357602665;-1.9308772727136452;-0.008762115165644957;-0.21747410325951716;-2.2526740786507844;-1.6747340744557282;-5.778366017462518;0.0730674594565453;-28.546539700252264;-2.814598161732718;-9.053079269083312;-0.6325741789380326;3.8160837615953174;-2.0030115805964046;-5.613744318143948;0.00876360227534434;0.35115853935370733;6.554434488451297;3.421744318144292;0.026734074455914074;1.005825382596269;2.803997625305769;-3.0740087790213355;3.195466903277091;-0.02423381441119632;-3.900206713255604;7.723361336963498;2.4593692963641445;2.5256982437589586;2.4734882989632294;1.3406448084375342;-0.13518853862094968;-0.2623772981046899;1.6410426427795646;-6.386488197249452;0.7390115805970797;6.334488197249848;8.629950176553875;-3.8519268460120886;-3.4114470546195275;5.343333333333653;-0.11343296748543052;-4.771922657185411;0.4810204991870979;-11.121238992337112;4.8198082799734925;0.29902799341220426;0.24476968299429697;1.474058096786206;0.5401803848657405;-1.0489293095688867;4.981946952074381;1.4769093938702702;-0.5630884672815597;-0.036554096678418746;2.9507313515910454;-6.274122588069741;0.5495902049241472;0.45681917592770027;-1.3526680343806101;1.6879924738184595;4.030821306460849;-1.4917695693766477;8.056935366697665;-0.39646445868505353;-1.522178456814697;0.7871641151774647;-0.29877147958598066;-0.6184444810464537;-1.0051498384101665;0.0;0
-0.18318766304423692;1.5359589565854632;-0.14541220863520762;3.5046075895108233;2.103678907016853;-2.389051213913776;-0.4901636548459193;-7.121228735812639;0.9971385496700811;-0.1057233029494063;-0.31528221909992016;2.713254625796226;2.7197194398867865;-1.6679275384411647;2.537596313497607;0.07150789506331781;-1.7436950235110804;1.7764734812361453;2.0406187655244343;1.3658884011707717;-1.216058094372675;0.872659509898958;0.050933796577311646;1.178030752282082;2.3941628352944395;-0.35368881808493335;0.8897493313677066;-2.0939818161713655;0.19538041674790388;0.8353528516646813;-0.17277799787853737;4.805555555555532;2.433563712045625;-4.703236855685152;1.395408611795129;4.5111111111110915;1.2334134457872536;-3.7544728859064835;-4.785260859284257;0.1399689042473372;1.6933333333333418;0.4894392838191517;1.883469778319316;5.639999999999935;2.3809537727495442;-1.5153335390242857;-2.0444734483472233;-0.4884155468002399;3.4678338365124377;0.7631675069059036;7.250000000000421;-3.0533333333332124;-0.266025319952328;-4.887181449641584;-0.22388156859165118;0.6337910809650976;0.006424273538728015;-1.4311978718200706;-0.2989933776595253;-0.25718032106271205;-0.6224520186350337;0.21885998737365464;0.39540703915297837;0.09740194738818447;-1.701829230977823;0.45972081257932984;-3.606419379716384;-0.5967301035739851;1.4167825816859851;9.643430129505072;-0.6310735382651066;-1.1033604729146618;1.4534393272406783;2.4204865971131753;-2.3577918681735315;-0.3356981348726576;-0.5639362958056681;-0.056812336955629955;-7.250000000000421;-0.8343924504562912;0.6486977875426458;-0.1990612461090417;-0.8626086117944849;0.32969562515520034;1.0206776776251585;-1.5286651013114614;0.3785889747979633;1.66114090103038;0.26800762125039385;0.5811842941262058;-1.525936684415913;-3.1970998576004206;2.3726008075304965;-1.2433493313675608;1.5316973321319403;-0.5596066131093551;-1.090323347022539;3.0167814496349927;0.17032334702269505;0.35923032673658434;7.131178125127842;-0.660063704192592;-0.6719800984078387;0.11978793509762642;-0.3806294217324149;4.774542363358352;1.5769918681732489;-2.311111111110911;-4.4995503430224995;-6.486233402821876;-2.6996555222530323;6.519999999999817;-0.3537279199630789;2.311111111110911;1.3455484637582587;0.4536402017954201;-1.9631164662992546;-0.3502720800357675;-1.6855271140930954;0.2302226234464834;-3.013194672345643;-0.4526239571659161;-9.643430129505072;2.1522343012398;-4.753873391328765;-0.13974789506331542;-2.534131739537388;-0.9960517792851173;-3.457992601541504;2.1514716054907765;-0.7822841749922406;2.443614052095036;1.2659926015422949;-1.8782226234463475;-0.3748181838280684;0.1527771479266704;-0.17987610614251662;3.7665139629360214;-0.796500648708068;-0.36016962483188486;4.901303218232647;-1.5849402268991213;-2.7079609341257274;-1.4136075495433813;0.06798009840794325;-2.277439327240699;0.08890221245743837;1.6765437214089385;-2.4261490802614336;-0.2679482207136538;2.3741490802717067;4.712403686555927;2.0499453166683557;-1.2639213912280338;3.0533333333332124;-1.5740485023781625;-0.13943043783059575;-1.527258077035818;-3.494720966089792;0.13965552226421;0.4158714360054654;0.3562807672263577;0.6505085005872395;1.1561032122923967;-0.713672967053854;3.616621146294849;-0.24921540420023572;-0.0713055076877405;-0.41481967893030763;-2.1197879783063405;-2.3690626087315425;-0.6785862415052741;-1.1041487023764807;-1.347773839589756;-0.2297815049795974;1.1043145204355505;-0.7325172807413374;4.531598072099051;0.4016520186350292;-2.0369763660194016;0.515253217087754;-0.41450050317961096;-5.620778022648004;0.3749982427534062;0.0;0
